,Reproj.,Recon.,Tracked Reproj.,Tracked Recon.,Mean Frame Grab Time,Mean Calibration Time
11_01_52,1.5751755583270015,3.0371872969459734,3.0558131646140376,3.4358162557480285,1.690203309059143,47.55291390419006
11_11_10,1.985973443112654,2.045662784011412,3.1671015413378973,2.60614608004386,1.1830000638961793,32.712000608444214
11_16_17,1.341135409370546,1.7563684089319485,4.11213238781845,3.0955854370443463,1.1085102796554565,13.283134460449219
11_18_33,1.7833455566317205,2.3947298387802114,6.074830019043709,4.288253617543019,1.162645149230957,16.24846315383911
11_22_06,1.483950213946162,2.982398548570995,3.2155496430253123,3.6745360403761795,1.0318862915039062,41.37255549430847
11_23_54,1.05718625115083,2.805030049505071,3.849090449176855,4.556691507118189,1.1060524463653565,9.510396242141724
11_28_47,2.3575846564250287,2.8417042473553473,2.9987049564936203,3.3394199030921583,1.0064698696136474,23.842945098876953
11_33_37,1.2225685849651209,2.0215073526572636,2.0997462007637924,2.401135049373776,1.1047034025192262,66.13153791427612
11_36_27,1.1192776099979127,2.797592522395767,4.905420491458891,5.079890997358849,1.680686116218567,22.35434651374817
