,Reproj.,Recon.,Tracked Reproj.,Tracked Recon.,Mean Frame Grab Time,Mean Calibration Time
11_01_52,1.7481494907031558,4.369365370502355,3.196300834423294,4.472591863768991,1.6851989030838013,44.53388047218323
11_11_10,2.0732242571534076,3.2703054993638756,3.515301897437255,4.2939233303756605,1.211033868789673,29.74049735069275
11_14_46,1.351203977273286,3.038986287519426,2.734780455951647,3.45648429685698,1.0408629655838013,39.5471305847168
11_16_17,1.3766132254050456,2.451034289485772,4.0052687644270435,3.3423347360667917,1.1152028799057008,16.02489471435547
11_18_33,1.8056178796116045,2.6974168684649027,5.807685822784337,4.089819135033767,1.1585000514984132,19.3114812374115
11_23_54,0.9801513969129806,2.00572389743139,3.817063960884106,3.6143069068584133,1.1145557641983033,9.339004039764404
11_28_47,2.3173614998902696,2.2909480808660674,2.961862418527041,2.7541894430779,1.008409309387207,23.21625280380249
11_33_37,1.2011680127469242,1.8597936120922696,2.302459945372981,2.0983910776190684,1.1098021984100341,57.98243594169617
11_36_27,1.0865576176455618,1.8610144217820528,4.824928935714419,4.654244773187951,1.685799765586853,21.939000129699707
