,Reproj.,Recon.,Tracked Reproj.,Tracked Recon.,Mean Frame Grab Time,Mean Calibration Time
11_01_52,1.6304069143525437,2.4086859215660503,3.4916711383439347,3.2965126781461,1.6871032476425172,40.672667264938354
11_14_46,1.3432004016518087,2.483452000526564,3.001211193527375,2.7708033265924987,1.0321396112442016,35.09987688064575
11_16_17,1.32622705455714,2.524840975046146,3.91006939635506,3.361966867756695,1.1127052068710328,13.087378740310669
11_18_33,1.9124949806705338,2.831041302603184,7.558029632873084,5.026715767345191,1.1615514039993287,13.1025710105896
11_22_06,1.5568683244536474,3.567520392194586,3.528448642414988,4.554650437780847,1.0307297229766845,37.4152045249939
11_23_54,1.1791105654362548,3.552501356804896,4.072618113031501,4.986851275508808,1.129500412940979,8.453803539276123
11_28_47,2.383032012360341,3.4682481067565862,3.1086704880771614,4.069226654014178,1.0131036043167114,20.92572259902954
11_33_37,1.2427294845655967,2.7679918380928252,3.4733424294312174,3.6042425607898294,1.112003707885742,39.1161744594574
11_36_27,1.279446703100607,3.7778623312616513,5.19488788776934,5.967917930825126,1.6914720058441162,17.69896411895752
