,Reproj.,Recon.,Tracked Reproj.,Tracked Recon.,Mean Frame Grab Time,Mean Calibration Time
11_01_52,1.828472835999295,5.223928805851054,3.911840331242379,5.462564369008597,1.6902167797088623,37.36004424095154
11_11_10,2.0967670325045864,3.4691112959164,3.231141936497583,4.40971648796555,1.2035894393920898,27.478747844696045
11_14_46,1.422071657177276,3.413379859163804,2.8290720736406763,3.779784927772009,1.0292629718780517,39.70583176612854
11_16_17,1.3733025444169433,2.9768790248191603,3.8793845952939976,3.9942061372664908,1.1145863294601441,13.823348760604858
11_18_33,1.846012529889021,3.098101762240622,5.538031569487547,4.070049570366188,1.1706976652145387,18.69314694404602
11_22_06,1.4791305797270977,2.715540808331541,4.271665099129632,3.2852963051777557,1.0302682876586915,31.017298221588135
11_23_54,1.0700347896970854,2.597579622215897,3.589130602065826,3.8779627477138354,1.1168418645858764,11.60908317565918
11_28_47,2.2909025401697836,2.168066919534089,2.928858127591545,2.7099444199747693,1.0116122484207153,23.49796152114868
11_36_27,1.2462791293539786,3.383870316365992,4.644224332459801,6.264014772197016,1.682051944732666,27.53123140335083
