,Reproj.,Recon.,Tracked Reproj.,Tracked Recon.,Mean Frame Grab Time,Mean Calibration Time
11_01_52,1.750869465853229,4.581619343183081,4.383811275596707,5.1559406015765985,1.6905032634735107,30.647175073623657
11_11_10,2.1137424132185227,3.3690858282777496,3.6722612091518627,4.471255456652327,1.1916042566299438,32.164933919906616
11_14_46,1.3741109973699654,3.058493131950552,2.892795225774323,3.547254814192647,1.0313697099685668,37.77280783653259
11_16_17,1.4171652063713251,2.4053315275209814,4.033406690235092,3.658803855229901,1.112503170967102,14.720964670181274
11_18_33,1.8373635787248583,2.7196837738517714,6.0137147779039,4.1914963928024855,1.165591549873352,19.018568754196167
11_22_06,1.4426225378394393,2.0681891901131038,3.7405917181502786,2.823476346674531,1.033099889755249,33.963950872421265
11_28_47,2.3640918758715608,2.5215058357488336,3.0082180946150494,2.856055910215244,1.009433627128601,23.04603409767151
11_33_37,1.3340788188171735,2.2275263707220527,2.7579537726511743,2.366663580055345,1.1239033937454224,49.37107181549072
11_36_27,1.0709587650684311,1.9516862143575795,4.243633802898447,4.510532271117882,1.693608283996582,28.440998792648315
