,Reproj.,Recon.,Tracked Reproj.,Tracked Recon.,Mean Frame Grab Time,Mean Calibration Time
11_01_52,1.7368193886871206,4.251334524657693,3.224173439872422,4.498187958560365,1.7024602174758912,44.97220301628113
11_11_10,2.0900597039869466,3.1086984514621703,3.553474690810474,4.2111848046058595,1.1904378414154053,30.72565460205078
11_14_46,1.322317042818442,2.8615848940630393,2.7384214918116228,3.36561932419333,1.028908085823059,40.34599757194519
11_16_17,1.42995620531318,2.350661507337174,3.995926645656992,3.6894421860048126,1.115812110900879,15.71992301940918
11_18_33,1.7747600804201318,2.565478271453704,6.114426008393067,4.2587624042186505,1.1695784091949464,16.203155755996704
11_22_06,1.4321276426484777,2.0578659283519443,6.608696862779135,3.978570381835469,1.03084557056427,22.421921253204346
11_23_54,0.9512537712986963,1.8459083625133863,3.3412161538409157,3.503367187997102,1.1165804147720337,14.604966163635254
11_28_47,2.344286465431633,2.132924210805372,3.030486869211574,2.5573067486920524,1.0171083450317382,23.34433937072754
11_33_37,1.3011086810901085,1.712333252684899,3.3804712390535756,2.1252892246139545,1.1165032386779785,42.76173543930054
