,Reproj.,Recon.,Tracked Reproj.,Tracked Recon.,Mean Frame Grab Time,Mean Calibration Time
11_01_52,2.199323485754569,6.569696465927195,4.211269301796604,6.445264298570812,1.7054201126098634,32.47925662994385
11_11_10,2.1773755532380195,3.7501884541484505,3.2473916047286298,4.322796201574496,1.1922447443008424,28.188433408737183
11_14_46,1.6554161035214414,4.10168339729314,3.046589698635046,4.463205172062589,1.0279274463653565,35.57033348083496
11_16_17,1.5237924898645432,3.6901227560611773,3.8492897694510018,4.411127922133503,1.1156463384628297,16.173377513885498
11_18_33,1.971022122515193,3.6324201311830957,5.694625963408693,4.414551606307203,1.1806671857833861,18.448042154312134
11_22_06,1.6951341537818587,2.9101835460231507,3.1138092009898917,3.0401743213897627,1.0319561958312988,43.324751138687134
11_23_54,1.1863690773709967,2.703680208181038,4.048271961893795,4.236401356945686,1.1210050582885742,10.066582441329956
11_33_37,1.186207509449078,2.0816092567714013,5.430992559290227,3.1040750537189314,1.1090047836303711,26.337443113327026
11_36_27,1.413586298339063,3.4211255736669006,5.089352569674538,6.17247246159734,1.687177801132202,22.229029655456543
