,Reproj.,Recon.,Tracked Reproj.,Tracked Recon.,Mean Frame Grab Time,Mean Calibration Time
11_01_52,1.72181897777188,2.987686414128055,3.314906278212954,3.7099823187402294,1.6776894330978394,44.015581130981445
11_11_10,2.1083659990400667,2.473390488077603,3.2350649824895097,2.3721729497577266,1.1853942632675172,26.248063564300537
11_14_46,1.3053879839005122,2.4681500808913097,2.8617417025154324,2.8427452084663023,1.0275865554809571,38.16696834564209
11_16_17,1.45658004156849,2.767267415370362,4.270490674754123,3.4109282233920815,1.1041001558303833,12.914321899414062
11_22_06,1.5293299918718126,3.5696869781221205,3.323173966065895,4.276909184900039,1.0233498811721802,37.98475742340088
11_23_54,1.1656194661906691,3.4721778113583155,3.599455381206217,4.8042750141344905,1.1094038486480713,12.226823329925537
11_28_47,2.382669605463584,2.8464363158314767,3.0134468660130085,3.461064308489618,1.0085638999938964,24.01939058303833
11_33_37,1.3214365007532918,2.3658482684134325,3.6286703948881116,3.1063777334822538,1.0954405784606933,39.330323934555054
11_36_27,1.2126670409635238,4.249732879310443,5.617682673823628,6.450856498851638,1.677603554725647,22.92196488380432
