,Reproj.,Recon.,Tracked Reproj.,Tracked Recon.,Mean Frame Grab Time,Mean Calibration Time
11_42_42,2.169685890942239,2.7409159858198313,2.4899106917504845,2.713682632695955,0.9619032144546509,29.388120651245117
11_44_22,1.3316217714712524,1.4235244773482423,1.8082436904763723,1.4361090729106116,0.7890247344970703,14.875412702560425
11_45_50,1.6809392975827064,1.5233037058073342,2.456424461349058,1.5462339269424674,0.8660682439804077,13.397112369537354
11_50_23,2.0046004951732033,1.8268797937732366,2.7154221796152966,1.8905736891086657,1.0259625434875488,33.17188024520874
11_55_38,1.1951922972041715,1.206429983972319,1.703635312421633,1.2380270562692386,1.0359728813171387,30.683237075805664
11_58_09,1.4564566947602482,1.6827168537192687,2.0237066688447123,1.7953428598226748,1.018110990524292,35.568904399871826
13_18_43,1.6264930631535808,1.446455406522764,4.414184238460185,1.9340898214160192,0.8135501146316528,26.024137020111084
15_17_15,8.785998928414203,48.46942333725704,11.814723483667652,48.015594133154714,1.0776747703552245,19.33254361152649
15_22_01,3.171012120517451,20.73123250599182,3.4425725352016547,20.68804903275851,0.9341034889221191,16.242193698883057
