,Reproj.,Recon.,Tracked Reproj.,Tracked Recon.,Mean Frame Grab Time,Mean Calibration Time
11_42_42,1.7330613292921637,2.1696066916457535,2.1590897053351497,2.190426914768449,0.9781957864761353,31.033958435058594
11_45_50,1.231501912796055,1.007903931815587,2.3002750613979637,1.0619155811515228,0.8639516115188599,17.843698263168335
11_50_23,1.5063444987944565,1.6018437843908355,2.2721160297906207,1.6661077758601506,1.036381459236145,33.82242298126221
11_53_44,1.5599066166033184,2.064153291489409,2.6972987221451605,2.208318654859546,1.1139978408813476,38.946999311447144
11_55_38,1.345843915455524,1.6002674536904675,1.9492209229870066,1.6509639291747868,1.0363511085510253,30.522557973861694
11_58_09,1.2813144629418438,2.099653896856085,1.872697669845795,2.1804283482571334,1.0189205884933472,35.21803903579712
13_18_43,1.4427817196532682,1.975996874046448,4.270889441277574,2.3720633127373683,0.8163538217544556,25.56398892402649
15_17_15,8.942614272320574,52.83230691489725,11.405869728592256,52.36595833533162,1.0818161964416504,18.78931212425232
15_22_01,2.914063316406023,21.38650384464627,3.321135126984602,21.412379031027815,0.9285523653030395,19.157092094421387
