,Reproj.,Recon.,Tracked Reproj.,Tracked Recon.,Mean Frame Grab Time,Mean Calibration Time
11_42_42,1.551367115584831,2.0979095937718055,2.01954843302365,2.117158231793408,0.9626754999160767,31.458075284957886
11_44_22,1.7861621796905756,1.002367962947045,2.146672085963046,1.025834610404761,0.7928035020828247,16.03319239616394
11_45_50,1.7762697222068895,1.1873327729272782,2.81973988958961,1.2641772572822318,0.8725030899047852,13.079586029052734
11_53_44,2.080234138318257,2.2822641914355746,2.85828034723948,2.37280497316605,1.1279040098190307,44.49829030036926
11_55_38,1.8146817025660442,1.792958430698317,2.263461418046368,1.8095926657967494,1.044648289680481,31.42580223083496
11_58_09,1.6175767147794113,2.1956600667145283,2.0602122318207052,2.265031331240341,1.0245799779891969,36.7974488735199
13_18_43,1.759824954648707,2.422224083588744,4.573296409008676,2.740372720304303,0.8160137176513672,24.323566198349
15_17_15,8.799485775286277,54.05479106059271,11.685480650185548,53.92403780842218,1.0913148164749145,19.73172354698181
15_22_01,2.9842669840642877,22.551823773622612,3.410635629118897,22.63996289700376,0.9383036375045777,20.09884238243103
