,Reproj.,Recon.,Tracked Reproj.,Tracked Recon.,Mean Frame Grab Time,Mean Calibration Time
11_42_42,3.50916801827001,9.68149596038097,3.898813957162865,9.666267200181716,0.9649811029434204,24.488171339035034
11_44_22,3.1466674710764315,6.622862747277417,3.4727688227485998,6.57027930758749,0.7863033771514892,9.44767451286316
11_45_50,3.3916281181467443,9.355790868231237,4.203273253013396,9.303031737188345,0.8645045280456543,11.310426473617554
11_50_23,4.214828690529984,13.501681107649459,4.823402166404804,13.460426201999272,1.027499747276306,19.048956155776978
11_53_44,3.892227993803214,14.945316767961112,4.6748035120691505,14.910818531718455,1.1105693578720093,24.859910488128662
11_55_38,3.615970672426795,11.610599638130845,4.284172059861757,11.618056132314265,1.0369515657424926,19.01649522781372
11_58_09,3.2341884740706055,13.617844152865375,3.9112936294396414,13.511885184711856,1.0224537134170533,29.886869192123413
13_18_43,3.2770599770704725,9.563565705073911,6.243302350789578,9.616340068621998,0.8136563301086426,20.144339323043823
15_17_15,8.169620396522335,35.36384196496761,11.186695154766202,34.4181501025365,1.077855634689331,20.806721448898315
