,Reproj.,Recon.,Tracked Reproj.,Tracked Recon.,Mean Frame Grab Time,Mean Calibration Time
11_42_42,13.12349087801207,20.035946148541758,147.51251089217467,70.59054020383473,0.9513986825942993,11.286855697631836
11_44_22,6.618391733879453,4.472158862754546,11.432638377837861,4.519544195778503,0.7817074298858643,24.679491758346558
11_45_50,5.841993737375029,4.946615521585683,168.77189959866615,94.06635819978565,0.857666802406311,19.19249439239502
11_50_23,5.809070899952919,13.842586345305369,7.866602995714974,13.872431406377814,1.0269032716751099,31.642995834350586
11_53_44,5.402357475865639,8.444660488076133,6.299161725944724,8.449812901298543,1.108724308013916,34.1827335357666
11_55_38,5.9728568316576105,6.034929481822375,128.25886152181283,88.77244067931372,1.037504243850708,23.026536464691162
11_58_09,5.2296493849898935,7.95953472215016,5.991753792087149,7.970355915195707,1.0212039947509766,38.753390312194824
13_18_43,16.766641790288077,34.820744390928134,5383.159994915255,36.02440641623927,0.8168071031570434,8.128173351287842
15_22_01,83376.95797514006,15.847329299948619,194.9874827110153,19.93749273768045,0.9274831533432006,26.90250587463379
