,Reproj.,Recon.,Tracked Reproj.,Tracked Recon.,Mean Frame Grab Time,Mean Calibration Time
11_42_42,2.078575926728817,2.6711592820161036,2.4213375597428604,2.6468317429816017,0.9595264434814453,29.86550545692444
11_44_22,1.3472363908893188,1.1327424352197613,1.8262072141877042,1.150896897355002,0.7879591464996338,15.858542919158936
11_45_50,1.6404339192841761,1.3142120467789298,2.4291857009246454,1.3285849366449962,0.8686588048934937,11.777406215667725
11_50_23,1.7761082078080912,1.6520331284424123,2.5203026191455655,1.7320612096913048,1.040104126930237,31.840717554092407
11_53_44,1.3834110619289102,1.339546393011866,2.6190484190076475,1.4831552135978903,1.1248586416244506,39.45285487174988
11_58_09,1.3900862739662334,1.4926175254643657,2.101021231810762,1.6488732262038113,1.0266814708709717,33.099738121032715
13_18_43,2.055240990160365,1.5784506797023878,4.610765635857991,2.000630263041939,0.819091534614563,24.65505313873291
15_17_15,9.0867606215134,49.75753107306747,11.828109498854586,49.229887483242194,1.086700177192688,21.189117193222046
15_22_01,3.0750322456446617,20.963116869342468,3.3397792936739097,20.914136553184314,0.9388310670852661,18.025556325912476
