,Reproj.,Recon.,Tracked Reproj.,Tracked Recon.,Mean Frame Grab Time,Mean Calibration Time
11_42_42,1.990438720793408,2.627157403170306,2.340119742982992,2.5911464221765987,0.9545000314712524,30.254216194152832
11_44_22,1.2572483524331606,1.1758712050471065,1.7162805163821302,1.2069976687111246,0.7855165481567383,17.59089469909668
11_45_50,1.3478898652151174,1.5360209069406796,2.2003948435608467,1.5577989561898147,0.8642034530639648,12.779282808303833
11_50_23,1.708114475696625,1.8347518995930272,2.4957032437715125,1.8989429378191982,1.0334110736846924,31.267889499664307
11_53_44,1.6484078431096916,1.5433061615259949,2.743160368253368,1.6506096197658593,1.1166714429855347,39.06344747543335
11_55_38,1.4609205027974965,1.1305969125450945,1.8995999015369498,1.1678537891246776,1.035282063484192,33.16628456115723
13_18_43,2.1571671935623087,1.6645112952714136,4.883211031139891,2.11304187806928,0.8163450479507446,23.243566751480103
15_17_15,8.958493492454823,51.00374791224658,11.655195376839044,50.53000534669235,1.084895658493042,19.003485441207886
15_22_01,3.107140450845681,22.052744153058946,3.3238921297375863,22.01438407998007,0.9291741371154785,16.844229698181152
