,Reproj.,Recon.,Tracked Reproj.,Tracked Recon.,Mean Frame Grab Time,Mean Calibration Time
11_42_42,2.691816529806422,2.247482647342305,3.143179350174385,2.2310813154285984,0.9560504198074341,30.080042123794556
11_44_22,1.3124180112035913,0.571452028622115,2.106941547973561,0.6751797331133169,0.7962228536605835,14.638890981674194
11_50_23,1.9323448365375,1.1666664558352406,2.7987553294750356,1.3292181367258742,1.0361974954605102,31.437317371368408
11_53_44,2.0673524184351404,1.6428591701054278,3.329849916828635,1.793741419595739,1.1196035146713257,32.38871741294861
11_55_38,2.0361094808160463,1.2889670561481068,2.450155333521556,1.3412783003811168,1.0364674568176269,27.193825006484985
11_58_09,1.3401413907302804,1.6132449649429361,2.155917958825341,1.7534453138135053,1.019403600692749,34.97063899040222
13_18_43,3.000246395193023,2.343504647288424,4.934313036079214,2.565574567989098,0.8113481998443604,23.506959438323975
15_17_15,8.788579355268611,47.3636249769163,12.042212882802922,47.121195980142794,1.081184196472168,21.033972024917603
15_22_01,3.047108143694119,19.475808204157097,3.285169629901601,19.412508673326624,0.9321057558059692,16.46955156326294
