,Reproj.,Recon.,Tracked Reproj.,Tracked Recon.,Mean Frame Grab Time,Mean Calibration Time
11_42_42,1.9516261037322002,4.05196367429502,2.3893982894929064,4.024945230815778,0.9687010049819946,30.090766668319702
11_44_22,1.5830029588930143,2.0115780351747223,2.010475679074231,2.0054003563467107,0.7924036502838134,14.763966083526611
11_45_50,1.7986477577534792,2.768758628550399,2.85293782245132,2.7600653352064923,0.8687046766281128,14.891188621520996
11_50_23,2.236263450652193,4.354097122683987,2.9462231353604063,4.341344737771449,1.0524331092834474,29.212069749832153
11_53_44,2.1782885418030467,3.0159228401379323,3.051466057130242,3.040579745452519,1.1248716115951538,38.463953733444214
11_55_38,1.872735552492724,2.375665856595552,2.383538399336958,2.3860505106223577,1.0495100736618042,33.375040769577026
11_58_09,1.4726951978512417,2.43105836443012,2.1485612462001145,2.525729751158242,1.0306857824325562,33.52500867843628
15_17_15,9.033484146823811,60.779441735244276,11.62441709843094,60.438051748943074,1.0918174266815186,20.459070682525635
15_22_01,3.3339261255962613,27.20995883412859,3.706928857628246,27.2630784768703,0.9425031900405884,18.745363473892212
